{
  "IcoMoonType": "selection",
  "icons": [
    {
      "icon": {
        "paths": [
          "M149.984 355.808l297.184 285.856v-173.184c90.016 0 319.136 1.984 319.136 237.632 0 123.36-87.488 226.304-203.808 250.112 186.944-25.344 331.488-183.904 331.488-377.792 0-360.192-384.832-363.264-446.816-363.264v-147.392l-297.184 288.032z"
        ],
        "attrs": [
          {}
        ],
        "isMulticolor": false,
        "isMulticolor2": false,
        "grid": 0,
        "tags": [
          "reply"
        ]
      },
      "attrs": [
        {}
      ],
      "properties": {
        "order": 20,
        "id": 0,
        "name": "reply",
        "prevSize": 32
      },
      "setIdx": 0,
      "setId": 23,
      "iconIdx": 0
    },
    {
      "icon": {
        "paths": [
          "M920.571 554.857c0 19.429-8 37.714-21.143 51.429l-42.857 42.857c-13.714 13.714-32.571 21.714-52 21.714s-38.286-8-51.429-21.714l-168-167.429v402.286c0 41.143-34.286 66.857-73.143 66.857h-73.143c-38.857 0-73.143-25.714-73.143-66.857v-402.286l-168 167.429c-13.143 13.714-32 21.714-51.429 21.714s-38.286-8-51.429-21.714l-42.857-42.857c-13.714-13.714-21.714-32-21.714-51.429s8-38.286 21.714-52l372-372c13.143-13.714 32-21.143 51.429-21.143s38.286 7.429 52 21.143l372 372c13.143 13.714 21.143 32.571 21.143 52z"
        ],
        "width": 950.8571428571428,
        "attrs": [],
        "isMulticolor": false,
        "isMulticolor2": false,
        "tags": [
          "arrow-up"
        ],
        "defaultCode": 61538,
        "grid": 14
      },
      "attrs": [],
      "properties": {
        "name": "arrow-up",
        "id": 96,
        "order": 16,
        "prevSize": 28
      },
      "setIdx": 1,
      "setId": 13,
      "iconIdx": 96
    },
    {
      "icon": {
        "paths": [
          "M920.571 475.429c0 19.429-8 38.286-21.143 51.429l-372 372.571c-13.714 13.143-32.571 21.143-52 21.143s-38.286-8-51.429-21.143l-372-372.571c-13.714-13.143-21.714-32-21.714-51.429s8-38.286 21.714-52l42.286-42.857c13.714-13.143 32.571-21.143 52-21.143s38.286 8 51.429 21.143l168 168v-402.286c0-40 33.143-73.143 73.143-73.143h73.143c40 0 73.143 33.143 73.143 73.143v402.286l168-168c13.143-13.143 32-21.143 51.429-21.143s38.286 8 52 21.143l42.857 42.857c13.143 13.714 21.143 32.571 21.143 52z"
        ],
        "width": 950.8571428571428,
        "attrs": [],
        "isMulticolor": false,
        "isMulticolor2": false,
        "tags": [
          "arrow-down"
        ],
        "defaultCode": 61539,
        "grid": 14
      },
      "attrs": [],
      "properties": {
        "name": "arrow-down",
        "id": 97,
        "order": 17,
        "prevSize": 28
      },
      "setIdx": 1,
      "setId": 13,
      "iconIdx": 97
    }
  ],
  "height": 1024,
  "preferences": {
    "showGlyphs": true,
    "showQuickUse": true,
    "showQuickUse2": true,
    "showSVGs": true,
    "fontPref": {
      "prefix": "icon-",
      "metadata": {
        "fontFamily": "icomoon",
        "majorVersion": 1,
        "minorVersion": 0
      },
      "metrics": {
        "emSize": 1024,
        "baseline": 6.25,
        "whitespace": 50
      },
      "embed": false
    },
    "imagePref": {
      "prefix": "icon-",
      "png": true,
      "useClassSelector": true,
      "color": 0,
      "bgColor": 16777215,
      "classSelector": ".icon",
      "name": "icomoon",
      "height": 32,
      "columns": 16,
      "margin": 16
    },
    "historySize": 50,
    "showCodes": true,
    "gridSize": 16
  }
}